全国地方公共団体コード,都道府県名,都道府県名_カナ,都道府県名_英字,郡名,郡名_カナ,郡名_英字,市区町村名,市区町村名_カナ,市区町村名_英字,政令市区名,政令市区名_カナ,政令市区名_英字,効力発生日,廃止日,備考
011002,北海道,ホッカイドウ,Hokkaido,,,,札幌市,サッポロシ,Sapporo-shi,,,,1947-04-17,,
011011,北海道,ホッカイドウ,Hokkaido,,,,札幌市,サッポロシ,Sapporo-shi,中央区,チュウオウク,Chuo-ku,1947-04-17,,
011029,北海道,ホッカイドウ,Hokkaido,,,,札幌市,サッポロシ,Sapporo-shi,北区,キタク,Kita-ku,1947-04-17,,
012025,北海道,ホッカイドウ,Hokkaido,,,,函館市,ハコダテシ,Hakodate-shi,,,,1947-04-17,,
012033,北海道,ホッカイドウ,Hokkaido,,,,小樽市,オタルシ,Otaru-shi,,,,1947-04-17,,
012041,北海道,ホッカイドウ,Hokkaido,,,,旭川市,アサヒカワシ,Asahikawa-shi,,,,1947-04-17,,
014605,北海道,ホッカイドウ,Hokkaido,空知郡,ソラチグン,Sorachi-gun,南富良野町,ミナミフラノチョウ,Minamifurano-cho,,,,1947-04-17,,
022012,青森県,アオモリケン,Aomori,,,,青森市,アオモリシ,Aomori-shi,,,,1947-04-17,,
022021,青森県,アオモリケン,Aomori,,,,弘前市,ヒロサキシ,Hirosaki-shi,,,,1947-04-17,,
032018,岩手県,イワテケン,Iwate,,,,盛岡市,モリオカシ,Morioka-shi,,,,1947-04-17,,
041017,宮城県,ミヤギケン,Miyagi,,,,仙台市,センダイシ,Sendai-shi,青葉区,アオバク,Aoba-ku,1989-04-01,,
041025,宮城県,ミヤギケン,Miyagi,,,,仙台市,センダイシ,Sendai-shi,宮城野区,ミヤギノク,Miyagino-ku,1989-04-01,,
052019,秋田県,アキタケン,Akita,,,,秋田市,アキタシ,Akita-shi,,,,1947-04-17,,
062014,山形県,ヤマガタケン,Yamagata,,,,山形市,ヤマガタシ,Yamagata-shi,,,,1947-04-17,,
072010,福島県,フクシマケン,Fukushima,,,,福島市,フクシマシ,Fukushima-shi,,,,1947-04-17,,
082015,茨城県,イバラキケン,Ibaraki,,,,水戸市,ミトシ,Mito-shi,,,,1947-04-17,,
092011,栃木県,トチギケン,Tochigi,,,,宇都宮市,ウツノミヤシ,Utsunomiya-shi,,,,1947-04-17,,
102016,群馬県,グンマケン,Gunma,,,,前橋市,マエバシシ,Maebashi-shi,,,,1947-04-17,,
111074,埼玉県,サイタマケン,Saitama,,,,さいたま市,サイタマシ,Saitama-shi,浦和区,ウラク,Urawa-ku,2003-04-01,,
121011,千葉県,チバケン,Chiba,,,,千葉市,チバシ,Chiba-shi,中央区,チュウオウク,Chuo-ku,1992-04-01,,
131016,東京都,トウキョウト,Tokyo,,,,千代田区,チヨダク,Chiyoda-ku,,,,1947-04-17,,
131024,東京都,トウキョウト,Tokyo,,,,中央区,チュウオウク,Chuo-ku,,,,1947-04-17,,
131032,東京都,トウキョウト,Tokyo,,,,港区,ミナトク,Minato-ku,,,,1947-04-17,,
131041,東京都,トウキョウト,Tokyo,,,,新宿区,シンジュクク,Shinjuku-ku,,,,1947-04-17,,
132012,東京都,トウキョウト,Tokyo,,,,八王子市,ハチオウジシ,Hachioji-shi,,,,1947-04-17,,
141046,神奈川県,カナガワケン,Kanagawa,,,,横浜市,ヨコハマシ,Yokohama-shi,中区,ナカク,Naka-ku,1947-04-17,,
141313,神奈川県,カナガワケン,Kanagawa,,,,川崎市,カワサキシ,Kawasaki-shi,川崎区,カワサキク,Kawasaki-ku,1972-04-01,,
151017,新潟県,ニイガタケン,Niigata,,,,新潟市,ニイガタシ,Niigata-shi,中央区,チュウオウク,Chuo-ku,2007-04-01,,
162019,富山県,トヤマケン,Toyama,,,,富山市,トヤマシ,Toyama-shi,,,,1947-04-17,,
172014,石川県,イシカワケン,Ishikawa,,,,金沢市,カナザワシ,Kanazawa-shi,,,,1947-04-17,,
182010,福井県,フクイケン,Fukui,,,,福井市,フクイシ,Fukui-shi,,,,1947-04-17,,
192015,山梨県,ヤマナシケン,Yamanashi,,,,甲府市,コウフシ,Kofu-shi,,,,1947-04-17,,
202011,長野県,ナガノケン,Nagano,,,,長野市,ナガノシ,Nagano-shi,,,,1947-04-17,,
212016,岐阜県,ギフケン,Gifu,,,,岐阜市,ギフシ,Gifu-shi,,,,1947-04-17,,
221015,静岡県,シズオカケン,Shizuoka,,,,静岡市,シズオカシ,Shizuoka-shi,葵区,アオイク,Aoi-ku,2005-04-01,,
231061,愛知県,アイチケン,Aichi,,,,名古屋市,ナゴヤシ,Nagoya-shi,中区,ナカク,Naka-ku,1947-04-17,,
242012,三重県,ミエケン,Mie,,,,津市,ツシ,Tsu-shi,,,,1947-04-17,,
252018,滋賀県,シガケン,Shiga,,,,大津市,オオツシ,Otsu-shi,,,,1947-04-17,,
261041,京都府,キョウトフ,Kyoto,,,,京都市,キョウトシ,Kyoto-shi,中京区,ナカギョウク,Nakagyo-ku,1947-04-17,,
271276,大阪府,オオサカフ,Osaka,,,,大阪市,オオサカシ,Osaka-shi,北区,キタク,Kita-ku,1989-02-13,,
271284,大阪府,オオサカフ,Osaka,,,,大阪市,オオサカシ,Osaka-shi,中央区,チュウオウク,Chuo-ku,1989-02-13,,
281107,兵庫県,ヒョウゴケン,Hyogo,,,,神戸市,コウベシ,Kobe-shi,中央区,チュウオウク,Chuo-ku,1980-12-01,,
292010,奈良県,ナラケン,Nara,,,,奈良市,ナラシ,Nara-shi,,,,1947-04-17,,
302015,和歌山県,ワカヤマケン,Wakayama,,,,和歌山市,ワカヤマシ,Wakayama-shi,,,,1947-04-17,,
312011,鳥取県,トットリケン,Tottori,,,,鳥取市,トットリシ,Tottori-shi,,,,1947-04-17,,
322016,島根県,シマネケン,Shimane,,,,松江市,マツエシ,Matsue-shi,,,,1947-04-17,,
331015,岡山県,オカヤマケン,Okayama,,,,岡山市,オカヤマシ,Okayama-shi,北区,キタク,Kita-ku,2009-04-01,,
341011,広島県,ヒロシマケン,Hiroshima,,,,広島市,ヒロシマシ,Hiroshima-shi,中区,ナカク,Naka-ku,1980-04-01,,
352039,山口県,ヤマグチケン,Yamaguchi,,,,山口市,ヤマグチシ,Yamaguchi-shi,,,,1947-04-17,,
362018,徳島県,トクシマケン,Tokushima,,,,徳島市,トクシマシ,Tokushima-shi,,,,1947-04-17,,
372013,香川県,カガワケン,Kagawa,,,,高松市,タカマツシ,Takamatsu-shi,,,,1947-04-17,,
382019,愛媛県,エヒメケン,Ehime,,,,松山市,マツヤマシ,Matsuyama-shi,,,,1947-04-17,,
392014,高知県,コウチケン,Kochi,,,,高知市,コウチシ,Kochi-shi,,,,1947-04-17,,
401323,福岡県,フクオカケン,Fukuoka,,,,福岡市,フクオカシ,Fukuoka-shi,博多区,ハカタク,Hakata-ku,1972-04-01,,
401331,福岡県,フクオカケン,Fukuoka,,,,福岡市,フクオカシ,Fukuoka-shi,中央区,チュウオウク,Chuo-ku,1972-04-01,,
412015,佐賀県,サガケン,Saga,,,,佐賀市,サガシ,Saga-shi,,,,1947-04-17,,
422011,長崎県,ナガサキケン,Nagasaki,,,,長崎市,ナガサキシ,Nagasaki-shi,,,,1947-04-17,,
431010,熊本県,クマモトケン,Kumamoto,,,,熊本市,クマモトシ,Kumamoto-shi,中央区,チュウオウク,Chuo-ku,2012-04-01,,
442011,大分県,オオイタケン,Oita,,,,大分市,オオイタシ,Oita-shi,,,,1947-04-17,,
452017,宮崎県,ミヤザキケン,Miyazaki,,,,宮崎市,ミヤザキシ,Miyazaki-shi,,,,1947-04-17,,
462012,鹿児島県,カゴシマケン,Kagoshima,,,,鹿児島市,カゴシマシ,Kagoshima-shi,,,,1947-04-17,,
472018,沖縄県,オキナワケン,Okinawa,,,,那覇市,ナハシ,Naha-shi,,,,1972-05-15,,
473821,沖縄県,オキナワケン,Okinawa,八重山郡,ヤエヤマグン,Yaeyama-gun,竹富町,タケトミチョウ,Taketomi-cho,,,,1972-05-15,,
